{"train/loss": 0.294, "train/learning_rate": 2.6614651061985264e-06, "train/epoch": 1.0, "train/global_step": 2307, "_timestamp": 1714880386.9676323, "_runtime": 160.2731442451477, "_step": 5, "train/train_runtime": 157.6908, "train/train_samples_per_second": 116.995, "train/train_steps_per_second": 14.63, "train/total_flos": 1213544860915968.0, "train/train_loss": 0.3197085608328169, "eval/loss": 0.32567331194877625, "eval/accuracy": 0.9029268292682927, "eval/runtime": 4.2547, "eval/samples_per_second": 481.819, "eval/steps_per_second": 60.404, "_wandb": {"runtime": 158}}